{
  "save_id_empresa": "",
  "save_sector_nombre": "Alimentación y bebidas",
  "save_tam_nombre": "Pequeña",
  "save_export_nombre": "Menos 10 %",
  "save_anti_nombre": "Menos 10 años",
  "save_reg_nombre": "Com Valenciana",
  "save_cluster": "",
  "save_reg_user": 10,
  "save_tam_user": 1,
  "save_sector_cod": 1,
  "save_macro_cod": 1,
  "save_ventas": 1200000.0,
  "save_empleados": 25,
  "save_roa": 0.12,
  "save_var_vtas": 25.0,
  "save_var_empl": 15.0,
  "save_productiv": 48000.0,
  "save_coste_emp": 32000.0,
  "save_endeud": 0.65,
  "score_sub1_1": 2.5,
  "score_sub1_2": 3.6666666666666665,
  "score_sub1_3": 2.5,
  "score_b1": 2.966666666666667,
  "b1_finalizado": true,
  "it_111": 3,
  "it_112": 2,
  "it_121": 3,
  "it_122": 4,
  "it_123": 4,
  "it_131": 3,
  "it_132": 2,
  "score_sub2_1": 2.5,
  "score_sub2_2": 2.3333333333333335,
  "score_sub2_3": 2.5,
  "score_sub2_4": 2.0,
  "score_b2": 2.341666666666667,
  "b2_finalizado": true,
  "g_211": 3,
  "g_212": 2,
  "g_213": 2,
  "g_214": 3,
  "g_221": 2,
  "g_222": 3,
  "g_223": 2,
  "g_231": 3,
  "g_232": 2,
  "g_241": 2,
  "g_242": 2,
  "score_sub4_1": 2.6666666666666665,
  "score_sub4_2": 3.0,
  "score_sub4_3": 2.0,
  "score_sub4_4": 2.0,
  "score_sub4_5": 2.5,
  "score_b4": 2.4666666666666663,
  "b4_finalizado": true,
  "e_411": 2,
  "e_412": 3,
  "e_413": 3,
  "e_421": 2,
  "e_422": 3,
  "e_423": 4,
  "e_431": 2,
  "e_432": 2,
  "e_441": 2,
  "e_442": 2,
  "e_451": 3,
  "e_452": 2,
  "score_sub3_1": 2.5,
  "score_sub3_2": 3.0,
  "score_sub3_3": 2.3333333333333335,
  "score_sub3_4": 2.0,
  "score_sub3_5": 1.5,
  "score_b3": 2.25,
  "b3_finalizado": true,
  "p_311": 2,
  "p_312": 3,
  "p_321": 3,
  "p_322": 4,
  "p_323": 3,
  "p_324": 2,
  "p_331": 3,
  "p_332": 2,
  "p_333": 2,
  "p_341": 2,
  "p_342": 2,
  "p_351": 2,
  "p_352": 1,
  "score_sub5_11": 2.5,
  "score_sub5_12": 3.0,
  "score_sub5_13": 2.0,
  "score_sub5_1": 2.55,
  "score_sub5_2": 2.3333333333333335,
  "score_b5": 2.42,
  "b5_finalizado": true,
  "d_5111": 3,
  "d_5112": 2,
  "d_5113": 2,
  "d_5114": 3,
  "d_5121": 4,
  "d_5122": 2,
  "d_5123": 3,
  "d_5131": 2,
  "d_5132": 2,
  "d_521": 2,
  "d_522": 2,
  "d_523": 3
}